Name,Date,Transect,Deployment,QAQC_by,Drop_time,Notes,Height (cm),Latitude,Longitude,Depth,Camera,Photographer,Water quality,Strobes,Framing gear used,White balance card,Comments,Row,Column,Label,Annotator,Date annotated
T10D1_20210701.png,2021-07-01,10,1,,1514,,,48.53780,-123.00055,2.5,,,,,,,,347,1245,ULVA,sarahtanja,2021-07-07 17:15:31+00:00
T10D1_20210701.png,2021-07-01,10,1,,1514,,,48.53780,-123.00055,2.5,,,,,,,,572,917,RAFI,sarahtanja,2021-07-07 17:36:54+00:00
T10D1_20210701.png,2021-07-01,10,1,,1514,,,48.53780,-123.00055,2.5,,,,,,,,251,1302,ULVA,sarahtanja,2021-07-07 17:36:54+00:00
T10D1_20210701.png,2021-07-01,10,1,,1514,,,48.53780,-123.00055,2.5,,,,,,,,359,2301,ZOMA,sarahtanja,2021-07-07 17:36:54+00:00
T10D1_20210701.png,2021-07-01,10,1,,1514,,,48.53780,-123.00055,2.5,,,,,,,,618,879,RAFI,sarahtanja,2021-07-07 17:36:54+00:00
T10D1_20210701.png,2021-07-01,10,1,,1514,,,48.53780,-123.00055,2.5,,,,,,,,665,1380,ULVA,sarahtanja,2021-07-07 17:05:45+00:00
T10D1_20210701.png,2021-07-01,10,1,,1514,,,48.53780,-123.00055,2.5,,,,,,,,898,1640,ULVA,sarahtanja,2021-07-07 17:15:31+00:00
T10D1_20210701.png,2021-07-01,10,1,,1514,,,48.53780,-123.00055,2.5,,,,,,,,773,1757,MGSU,sarahtanja,2021-07-07 17:36:54+00:00
T10D1_20210701.png,2021-07-01,10,1,,1514,,,48.53780,-123.00055,2.5,,,,,,,,824,1868,ULVA,sarahtanja,2021-07-07 17:36:54+00:00
T10D1_20210701.png,2021-07-01,10,1,,1514,,,48.53780,-123.00055,2.5,,,,,,,,599,1886,ULVA,sarahtanja,2021-07-07 17:36:54+00:00
T10D1_20210701.png,2021-07-01,10,1,,1514,,,48.53780,-123.00055,2.5,,,,,,,,738,2300,RAFI,sarahtanja,2021-07-07 17:36:54+00:00
T10D1_20210701.png,2021-07-01,10,1,,1514,,,48.53780,-123.00055,2.5,,,,,,,,847,2526,OBSC,whippo,2021-07-07 17:03:03+00:00
T10D1_20210701.png,2021-07-01,10,1,,1514,,,48.53780,-123.00055,2.5,,,,,,,,788,2245,RAFI,sarahtanja,2021-07-07 17:36:54+00:00
T10D1_20210701.png,2021-07-01,10,1,,1514,,,48.53780,-123.00055,2.5,,,,,,,,1028,667,RAFI,sarahtanja,2021-07-07 17:36:54+00:00
T10D1_20210701.png,2021-07-01,10,1,,1514,,,48.53780,-123.00055,2.5,,,,,,,,1326,1462,RAFI,sarahtanja,2021-07-07 17:36:54+00:00
T10D1_20210701.png,2021-07-01,10,1,,1514,,,48.53780,-123.00055,2.5,,,,,,,,1114,1720,ULVA,sarahtanja,2021-07-07 17:36:54+00:00
T10D1_20210701.png,2021-07-01,10,1,,1514,,,48.53780,-123.00055,2.5,,,,,,,,1006,2235,RAFI,sarahtanja,2021-07-07 17:36:54+00:00
T10D1_20210701.png,2021-07-01,10,1,,1514,,,48.53780,-123.00055,2.5,,,,,,,,1094,2569,OBSC,whippo,2021-07-07 17:05:21+00:00
T10D1_20210701.png,2021-07-01,10,1,,1514,,,48.53780,-123.00055,2.5,,,,,,,,1480,1155,RAFI,sarahtanja,2021-07-07 17:36:54+00:00
T10D1_20210701.png,2021-07-01,10,1,,1514,,,48.53780,-123.00055,2.5,,,,,,,,1703,1311,RAFI,sarahtanja,2021-07-07 17:36:54+00:00
T10D1_20210701.png,2021-07-01,10,1,,1514,,,48.53780,-123.00055,2.5,,,,,,,,1834,1693,ULVA,sarahtanja,2021-07-07 17:36:54+00:00
T10D1_20210701.png,2021-07-01,10,1,,1514,,,48.53780,-123.00055,2.5,,,,,,,,1899,1342,RAFI,sarahtanja,2021-07-07 17:36:54+00:00
T10D1_20210701.png,2021-07-01,10,1,,1514,,,48.53780,-123.00055,2.5,,,,,,,,2032,1717,ULVA,sarahtanja,2021-07-07 17:15:31+00:00
T10D1_20210701.png,2021-07-01,10,1,,1514,,,48.53780,-123.00055,2.5,,,,,,,,1738,1940,ULVA,sarahtanja,2021-07-07 18:25:28+00:00
T10D1_20210701.png,2021-07-01,10,1,,1514,,,48.53780,-123.00055,2.5,,,,,,,,1861,2183,MGSU,sarahtanja,2021-07-07 17:15:31+00:00
T10D2_20210701.png,2021-07-01,10,2,,1518,,,48.53807,-123.00050,4.25,,,,,,,,232,1170,ULVA,whippo,2021-07-07 17:24:25+00:00
T10D2_20210701.png,2021-07-01,10,2,,1518,,,48.53807,-123.00050,4.25,,,,,,,,385,892,ULVA,whippo,2021-07-07 17:24:25+00:00
T10D2_20210701.png,2021-07-01,10,2,,1518,,,48.53807,-123.00050,4.25,,,,,,,,341,1591,ULVA,whippo,2021-07-07 17:24:25+00:00
T10D2_20210701.png,2021-07-01,10,2,,1518,,,48.53807,-123.00050,4.25,,,,,,,,270,1620,RAFI,whippo,2021-07-07 17:24:25+00:00
T10D2_20210701.png,2021-07-01,10,2,,1518,,,48.53807,-123.00050,4.25,,,,,,,,444,2100,RAFI,whippo,2021-07-07 17:24:25+00:00
T10D2_20210701.png,2021-07-01,10,2,,1518,,,48.53807,-123.00050,4.25,,,,,,,,531,1852,ULVA,whippo,2021-07-07 17:24:25+00:00
T10D2_20210701.png,2021-07-01,10,2,,1518,,,48.53807,-123.00050,4.25,,,,,,,,675,490,ULVA,whippo,2021-07-07 17:31:11+00:00
T10D2_20210701.png,2021-07-01,10,2,,1518,,,48.53807,-123.00050,4.25,,,,,,,,840,745,ULVA,whippo,2021-07-07 17:31:11+00:00
T10D2_20210701.png,2021-07-01,10,2,,1518,,,48.53807,-123.00050,4.25,,,,,,,,950,1270,ULVA,whippo,2021-07-07 17:31:11+00:00
T10D2_20210701.png,2021-07-01,10,2,,1518,,,48.53807,-123.00050,4.25,,,,,,,,823,2030,MASP,whippo,2021-07-07 17:24:25+00:00
T10D2_20210701.png,2021-07-01,10,2,,1518,,,48.53807,-123.00050,4.25,,,,,,,,740,2262,MASP,whippo,2021-07-07 17:24:25+00:00
T10D2_20210701.png,2021-07-01,10,2,,1518,,,48.53807,-123.00050,4.25,,,,,,,,812,2442,MASP,whippo,2021-07-07 17:24:25+00:00
T10D2_20210701.png,2021-07-01,10,2,,1518,,,48.53807,-123.00050,4.25,,,,,,,,1099,1306,ULVA,whippo,2021-07-07 17:31:11+00:00
T10D2_20210701.png,2021-07-01,10,2,,1518,,,48.53807,-123.00050,4.25,,,,,,,,1223,2122,MASP,whippo,2021-07-07 17:24:25+00:00
T10D2_20210701.png,2021-07-01,10,2,,1518,,,48.53807,-123.00050,4.25,,,,,,,,1351,823,ULVA,whippo,2021-07-07 17:31:11+00:00
T10D2_20210701.png,2021-07-01,10,2,,1518,,,48.53807,-123.00050,4.25,,,,,,,,1446,795,ULVA,whippo,2021-07-07 17:31:11+00:00
T10D2_20210701.png,2021-07-01,10,2,,1518,,,48.53807,-123.00050,4.25,,,,,,,,1702,1423,ULVA,whippo,2021-07-05 18:52:13+00:00
T10D2_20210701.png,2021-07-01,10,2,,1518,,,48.53807,-123.00050,4.25,,,,,,,,1493,1350,ULVA,whippo,2021-07-05 18:52:13+00:00
T10D2_20210701.png,2021-07-01,10,2,,1518,,,48.53807,-123.00050,4.25,,,,,,,,1348,1599,ULVA,whippo,2021-07-05 18:52:13+00:00
T10D2_20210701.png,2021-07-01,10,2,,1518,,,48.53807,-123.00050,4.25,,,,,,,,1367,2130,ULVA,whippo,2021-07-05 18:52:13+00:00
T10D2_20210701.png,2021-07-01,10,2,,1518,,,48.53807,-123.00050,4.25,,,,,,,,1469,2282,ULVA,whippo,2021-07-05 18:52:13+00:00
T10D2_20210701.png,2021-07-01,10,2,,1518,,,48.53807,-123.00050,4.25,,,,,,,,1417,2507,OBSC,whippo,2021-07-07 17:24:25+00:00
T10D2_20210701.png,2021-07-01,10,2,,1518,,,48.53807,-123.00050,4.25,,,,,,,,1751,1461,ULVA,whippo,2021-07-05 18:52:13+00:00
T10D2_20210701.png,2021-07-01,10,2,,1518,,,48.53807,-123.00050,4.25,,,,,,,,1876,1866,ULVA,whippo,2021-07-05 18:52:13+00:00
T10D2_20210701.png,2021-07-01,10,2,,1518,,,48.53807,-123.00050,4.25,,,,,,,,1948,2358,ZOMA,whippo,2021-07-07 17:31:11+00:00
T10D3_20210701.png,2021-07-01,10,3,,1521,,,48.53837,-123.00012,7,,,,,,,,312,826,DESP,mcmahsta,2021-07-07 17:29:38+00:00
T10D3_20210701.png,2021-07-01,10,3,,1521,,,48.53837,-123.00012,7,,,,,,,,559,803,DESP,mcmahsta,2021-07-07 17:29:38+00:00
T10D3_20210701.png,2021-07-01,10,3,,1521,,,48.53837,-123.00012,7,,,,,,,,375,1239,DESP,mcmahsta,2021-07-07 17:29:38+00:00
T10D3_20210701.png,2021-07-01,10,3,,1521,,,48.53837,-123.00012,7,,,,,,,,505,908,DESP,mcmahsta,2021-07-07 17:29:38+00:00
T10D3_20210701.png,2021-07-01,10,3,,1521,,,48.53837,-123.00012,7,,,,,,,,326,1522,DESP,mcmahsta,2021-07-07 17:29:38+00:00
T10D3_20210701.png,2021-07-01,10,3,,1521,,,48.53837,-123.00012,7,,,,,,,,577,2118,DESP,mcmahsta,2021-07-07 17:29:38+00:00
T10D3_20210701.png,2021-07-01,10,3,,1521,,,48.53837,-123.00012,7,,,,,,,,596,1928,DESP,mcmahsta,2021-07-07 17:29:38+00:00
T10D3_20210701.png,2021-07-01,10,3,,1521,,,48.53837,-123.00012,7,,,,,,,,591,2220,DESP,mcmahsta,2021-07-07 17:29:38+00:00
T10D3_20210701.png,2021-07-01,10,3,,1521,,,48.53837,-123.00012,7,,,,,,,,358,2552,OBSC,mcmahsta,2021-07-07 17:29:38+00:00
T10D3_20210701.png,2021-07-01,10,3,,1521,,,48.53837,-123.00012,7,,,,,,,,950,1569,DESP,mcmahsta,2021-07-07 17:29:38+00:00
T10D3_20210701.png,2021-07-01,10,3,,1521,,,48.53837,-123.00012,7,,,,,,,,655,2337,DESP,mcmahsta,2021-07-07 17:29:38+00:00
T10D3_20210701.png,2021-07-01,10,3,,1521,,,48.53837,-123.00012,7,,,,,,,,934,2368,DESP,mcmahsta,2021-07-07 17:29:38+00:00
T10D3_20210701.png,2021-07-01,10,3,,1521,,,48.53837,-123.00012,7,,,,,,,,1332,2070,DESP,mcmahsta,2021-07-07 17:29:38+00:00
T10D3_20210701.png,2021-07-01,10,3,,1521,,,48.53837,-123.00012,7,,,,,,,,1078,1875,DESP,mcmahsta,2021-07-07 17:29:38+00:00
T10D3_20210701.png,2021-07-01,10,3,,1521,,,48.53837,-123.00012,7,,,,,,,,997,2264,DESP,mcmahsta,2021-07-07 17:29:38+00:00
T10D3_20210701.png,2021-07-01,10,3,,1521,,,48.53837,-123.00012,7,,,,,,,,1416,493,DESP,mcmahsta,2021-07-07 17:29:38+00:00
T10D3_20210701.png,2021-07-01,10,3,,1521,,,48.53837,-123.00012,7,,,,,,,,1688,1346,DESP,mcmahsta,2021-07-07 17:29:38+00:00
T10D3_20210701.png,2021-07-01,10,3,,1521,,,48.53837,-123.00012,7,,,,,,,,1537,1482,DESP,mcmahsta,2021-07-07 17:29:38+00:00
T10D3_20210701.png,2021-07-01,10,3,,1521,,,48.53837,-123.00012,7,,,,,,,,1579,1981,DESP,mcmahsta,2021-07-07 17:29:38+00:00
T10D3_20210701.png,2021-07-01,10,3,,1521,,,48.53837,-123.00012,7,,,,,,,,1461,1801,DESP,mcmahsta,2021-07-07 17:29:38+00:00
T10D3_20210701.png,2021-07-01,10,3,,1521,,,48.53837,-123.00012,7,,,,,,,,1457,1905,DESP,mcmahsta,2021-07-07 17:29:38+00:00
T10D3_20210701.png,2021-07-01,10,3,,1521,,,48.53837,-123.00012,7,,,,,,,,1960,530,DESP,mcmahsta,2021-07-07 17:29:38+00:00
T10D3_20210701.png,2021-07-01,10,3,,1521,,,48.53837,-123.00012,7,,,,,,,,1825,916,DESP,mcmahsta,2021-07-07 17:29:38+00:00
T10D3_20210701.png,2021-07-01,10,3,,1521,,,48.53837,-123.00012,7,,,,,,,,2048,1127,DESP,mcmahsta,2021-07-07 17:29:38+00:00
T10D3_20210701.png,2021-07-01,10,3,,1521,,,48.53837,-123.00012,7,,,,,,,,1837,1552,DESP,mcmahsta,2021-07-07 17:29:38+00:00
T10D4_20210701.png,2021-07-01,10,4,,1528,,,48.53844,-122.99999,7,,,,,,,,510,633,DESP,mcmahsta,2021-07-07 17:57:19+00:00
T10D4_20210701.png,2021-07-01,10,4,,1528,,,48.53844,-122.99999,7,,,,,,,,423,2397,COCO,mcmahsta,2021-07-07 17:57:19+00:00
T10D4_20210701.png,2021-07-01,10,4,,1528,,,48.53844,-122.99999,7,,,,,,,,923,570,DESP,mcmahsta,2021-07-07 17:57:19+00:00
T10D4_20210701.png,2021-07-01,10,4,,1528,,,48.53844,-122.99999,7,,,,,,,,720,703,DESP,mcmahsta,2021-07-07 17:57:19+00:00
T10D4_20210701.png,2021-07-01,10,4,,1528,,,48.53844,-122.99999,7,,,,,,,,930,1530,MGSU,mcmahsta,2021-07-07 17:57:19+00:00
T10D4_20210701.png,2021-07-01,10,4,,1528,,,48.53844,-122.99999,7,,,,,,,,906,1485,DESP,mcmahsta,2021-07-07 17:57:19+00:00
T10D4_20210701.png,2021-07-01,10,4,,1528,,,48.53844,-122.99999,7,,,,,,,,633,1858,MGSU,whippo,2021-07-05 22:05:07+00:00
T10D4_20210701.png,2021-07-01,10,4,,1528,,,48.53844,-122.99999,7,,,,,,,,711,2244,COCO,mcmahsta,2021-07-07 17:57:19+00:00
T10D4_20210701.png,2021-07-01,10,4,,1528,,,48.53844,-122.99999,7,,,,,,,,985,491,DESP,mcmahsta,2021-07-07 17:57:19+00:00
T10D4_20210701.png,2021-07-01,10,4,,1528,,,48.53844,-122.99999,7,,,,,,,,1182,1487,DESP,mcmahsta,2021-07-07 17:57:19+00:00
T10D4_20210701.png,2021-07-01,10,4,,1528,,,48.53844,-122.99999,7,,,,,,,,1089,1748,DESP,mcmahsta,2021-07-07 17:57:19+00:00
T10D4_20210701.png,2021-07-01,10,4,,1528,,,48.53844,-122.99999,7,,,,,,,,1054,2375,ZOMA,mcmahsta,2021-07-07 17:57:19+00:00
T10D4_20210701.png,2021-07-01,10,4,,1528,,,48.53844,-122.99999,7,,,,,,,,1339,780,DESP,mcmahsta,2021-07-07 17:57:19+00:00
T10D4_20210701.png,2021-07-01,10,4,,1528,,,48.53844,-122.99999,7,,,,,,,,1548,1093,DESP,mcmahsta,2021-07-07 17:57:19+00:00
T10D4_20210701.png,2021-07-01,10,4,,1528,,,48.53844,-122.99999,7,,,,,,,,1633,1130,UBS,mcmahsta,2021-07-07 17:57:19+00:00
T10D4_20210701.png,2021-07-01,10,4,,1528,,,48.53844,-122.99999,7,,,,,,,,1429,1626,DESP,mcmahsta,2021-07-07 17:57:19+00:00
T10D4_20210701.png,2021-07-01,10,4,,1528,,,48.53844,-122.99999,7,,,,,,,,1531,1365,DESP,mcmahsta,2021-07-07 17:57:19+00:00
T10D4_20210701.png,2021-07-01,10,4,,1528,,,48.53844,-122.99999,7,,,,,,,,1673,1762,DESP,mcmahsta,2021-07-07 17:57:18+00:00
T10D4_20210701.png,2021-07-01,10,4,,1528,,,48.53844,-122.99999,7,,,,,,,,1580,2456,ZOMA,whippo,2021-07-05 18:52:55+00:00
T10D4_20210701.png,2021-07-01,10,4,,1528,,,48.53844,-122.99999,7,,,,,,,,1747,556,UBS,mcmahsta,2021-07-07 17:57:18+00:00
T10D4_20210701.png,2021-07-01,10,4,,1528,,,48.53844,-122.99999,7,,,,,,,,2012,1067,ZOMA,mcmahsta,2021-07-07 17:57:18+00:00
T10D4_20210701.png,2021-07-01,10,4,,1528,,,48.53844,-122.99999,7,,,,,,,,1784,1390,UBS,mcmahsta,2021-07-07 17:57:18+00:00
T10D4_20210701.png,2021-07-01,10,4,,1528,,,48.53844,-122.99999,7,,,,,,,,2048,1676,UBS,mcmahsta,2021-07-07 17:57:18+00:00
T10D4_20210701.png,2021-07-01,10,4,,1528,,,48.53844,-122.99999,7,,,,,,,,1897,1870,DESP,mcmahsta,2021-07-07 17:57:18+00:00
T10D4_20210701.png,2021-07-01,10,4,,1528,,,48.53844,-122.99999,7,,,,,,,,1897,2004,DESP,mcmahsta,2021-07-07 17:57:18+00:00
T10D5_20210701.png,2021-07-01,10,5,,1533,,,48.53860,-122.99969,9.25,,,,,,,,245,865,NEFI,whippo,2021-07-06 05:22:23+00:00
T10D5_20210701.png,2021-07-01,10,5,,1533,,,48.53860,-122.99969,9.25,,,,,,,,443,912,NEFI,whippo,2021-07-06 05:22:22+00:00
T10D5_20210701.png,2021-07-01,10,5,,1533,,,48.53860,-122.99969,9.25,,,,,,,,888,1195,NEFI,whippo,2021-07-06 05:22:22+00:00
T10D5_20210701.png,2021-07-01,10,5,,1533,,,48.53860,-122.99969,9.25,,,,,,,,963,978,NEFI,whippo,2021-07-06 05:22:22+00:00
T10D5_20210701.png,2021-07-01,10,5,,1533,,,48.53860,-122.99969,9.25,,,,,,,,914,1723,RAFI,whippo,2021-07-07 17:42:30+00:00
T10D5_20210701.png,2021-07-01,10,5,,1533,,,48.53860,-122.99969,9.25,,,,,,,,843,2034,RAFI,whippo,2021-07-07 17:42:30+00:00
T10D5_20210701.png,2021-07-01,10,5,,1533,,,48.53860,-122.99969,9.25,,,,,,,,926,2133,RAFI,whippo,2021-07-07 17:42:30+00:00
T10D5_20210701.png,2021-07-01,10,5,,1533,,,48.53860,-122.99969,9.25,,,,,,,,750,2133,RAFI,whippo,2021-07-07 17:42:30+00:00
T10D5_20210701.png,2021-07-01,10,5,,1533,,,48.53860,-122.99969,9.25,,,,,,,,688,2303,RAFI,whippo,2021-07-07 17:42:30+00:00
T10D5_20210701.png,2021-07-01,10,5,,1533,,,48.53860,-122.99969,9.25,,,,,,,,668,2234,RAFI,whippo,2021-07-07 17:42:30+00:00
T10D5_20210701.png,2021-07-01,10,5,,1533,,,48.53860,-122.99969,9.25,,,,,,,,1300,675,NEFI,whippo,2021-07-06 05:22:22+00:00
T10D5_20210701.png,2021-07-01,10,5,,1533,,,48.53860,-122.99969,9.25,,,,,,,,1034,682,NEFI,whippo,2021-07-06 05:22:22+00:00
T10D5_20210701.png,2021-07-01,10,5,,1533,,,48.53860,-122.99969,9.25,,,,,,,,1023,770,NEFI,whippo,2021-07-06 05:22:22+00:00
T10D5_20210701.png,2021-07-01,10,5,,1533,,,48.53860,-122.99969,9.25,,,,,,,,995,824,NEFI,whippo,2021-07-06 05:22:22+00:00
T10D5_20210701.png,2021-07-01,10,5,,1533,,,48.53860,-122.99969,9.25,,,,,,,,1172,650,NEFI,whippo,2021-07-06 05:22:22+00:00
T10D5_20210701.png,2021-07-01,10,5,,1533,,,48.53860,-122.99969,9.25,,,,,,,,1204,2185,MGSU,whippo,2021-07-07 17:42:29+00:00
T10D5_20210701.png,2021-07-01,10,5,,1533,,,48.53860,-122.99969,9.25,,,,,,,,1339,1247,MGSU,whippo,2021-07-05 22:06:57+00:00
T10D5_20210701.png,2021-07-01,10,5,,1533,,,48.53860,-122.99969,9.25,,,,,,,,1645,1299,MGSU,whippo,2021-07-05 22:06:57+00:00
T10D5_20210701.png,2021-07-01,10,5,,1533,,,48.53860,-122.99969,9.25,,,,,,,,1538,2177,RAFI,whippo,2021-07-07 17:42:29+00:00
T10D5_20210701.png,2021-07-01,10,5,,1533,,,48.53860,-122.99969,9.25,,,,,,,,1435,2061,RAFI,whippo,2021-07-07 17:42:29+00:00
T10D5_20210701.png,2021-07-01,10,5,,1533,,,48.53860,-122.99969,9.25,,,,,,,,1378,2238,MGSU,whippo,2021-07-07 17:42:29+00:00
T10D5_20210701.png,2021-07-01,10,5,,1533,,,48.53860,-122.99969,9.25,,,,,,,,1624,2513,OBSC,whippo,2021-07-05 22:06:57+00:00
T10D5_20210701.png,2021-07-01,10,5,,1533,,,48.53860,-122.99969,9.25,,,,,,,,1713,914,MGSU,whippo,2021-07-05 22:06:57+00:00
T10D5_20210701.png,2021-07-01,10,5,,1533,,,48.53860,-122.99969,9.25,,,,,,,,1880,2101,BARK,whippo,2021-07-07 17:42:29+00:00
T10D5_20210701.png,2021-07-01,10,5,,1533,,,48.53860,-122.99969,9.25,,,,,,,,1813,2192,BARK,whippo,2021-07-07 17:42:29+00:00
T13D1_20210701.png,2021-07-01,13,1,,1458,,,48.53684,-122.99848,7,,,,,,,,337,1343,NEFI,whippo,2021-07-07 17:46:53+00:00
T13D1_20210701.png,2021-07-01,13,1,,1458,,,48.53684,-122.99848,7,,,,,,,,369,1862,KELP,whippo,2021-07-07 17:46:53+00:00
T13D1_20210701.png,2021-07-01,13,1,,1458,,,48.53684,-122.99848,7,,,,,,,,938,514,NEFI,whippo,2021-07-06 05:23:31+00:00
T13D1_20210701.png,2021-07-01,13,1,,1458,,,48.53684,-122.99848,7,,,,,,,,599,626,NEFI,whippo,2021-07-06 05:23:31+00:00
T13D1_20210701.png,2021-07-01,13,1,,1458,,,48.53684,-122.99848,7,,,,,,,,708,1345,NEFI,whippo,2021-07-06 05:23:31+00:00
T13D1_20210701.png,2021-07-01,13,1,,1458,,,48.53684,-122.99848,7,,,,,,,,646,1512,NEFI,whippo,2021-07-06 05:23:31+00:00
T13D1_20210701.png,2021-07-01,13,1,,1458,,,48.53684,-122.99848,7,,,,,,,,651,2163,KELP,whippo,2021-07-07 17:46:53+00:00
T13D1_20210701.png,2021-07-01,13,1,,1458,,,48.53684,-122.99848,7,,,,,,,,1119,533,NEFI,whippo,2021-07-06 05:23:31+00:00
T13D1_20210701.png,2021-07-01,13,1,,1458,,,48.53684,-122.99848,7,,,,,,,,1166,798,NEFI,whippo,2021-07-06 05:23:31+00:00
T13D1_20210701.png,2021-07-01,13,1,,1458,,,48.53684,-122.99848,7,,,,,,,,1245,534,NEFI,whippo,2021-07-06 05:23:31+00:00
T13D1_20210701.png,2021-07-01,13,1,,1458,,,48.53684,-122.99848,7,,,,,,,,992,1011,NEFI,whippo,2021-07-06 05:23:31+00:00
T13D1_20210701.png,2021-07-01,13,1,,1458,,,48.53684,-122.99848,7,,,,,,,,1177,1342,NEFI,whippo,2021-07-06 05:23:31+00:00
T13D1_20210701.png,2021-07-01,13,1,,1458,,,48.53684,-122.99848,7,,,,,,,,1215,2063,KELP,whippo,2021-07-07 17:46:53+00:00
T13D1_20210701.png,2021-07-01,13,1,,1458,,,48.53684,-122.99848,7,,,,,,,,1275,2035,NEFI,whippo,2021-07-07 17:46:53+00:00
T13D1_20210701.png,2021-07-01,13,1,,1458,,,48.53684,-122.99848,7,,,,,,,,1333,2087,KELP,whippo,2021-07-07 17:46:53+00:00
T13D1_20210701.png,2021-07-01,13,1,,1458,,,48.53684,-122.99848,7,,,,,,,,1334,2557,OBSC,whippo,2021-07-05 22:08:48+00:00
T13D1_20210701.png,2021-07-01,13,1,,1458,,,48.53684,-122.99848,7,,,,,,,,1502,573,NEFI,whippo,2021-07-06 05:23:31+00:00
T13D1_20210701.png,2021-07-01,13,1,,1458,,,48.53684,-122.99848,7,,,,,,,,1476,1411,NEFI,whippo,2021-07-06 05:23:31+00:00
T13D1_20210701.png,2021-07-01,13,1,,1458,,,48.53684,-122.99848,7,,,,,,,,1485,2319,NEFI,whippo,2021-07-06 05:23:31+00:00
T13D1_20210701.png,2021-07-01,13,1,,1458,,,48.53684,-122.99848,7,,,,,,,,1881,1131,NEFI,whippo,2021-07-06 05:23:31+00:00
T13D1_20210701.png,2021-07-01,13,1,,1458,,,48.53684,-122.99848,7,,,,,,,,2027,1070,NEFI,whippo,2021-07-06 05:23:31+00:00
T13D1_20210701.png,2021-07-01,13,1,,1458,,,48.53684,-122.99848,7,,,,,,,,1716,2108,MGSU,whippo,2021-07-05 22:08:47+00:00
T13D1_20210701.png,2021-07-01,13,1,,1458,,,48.53684,-122.99848,7,,,,,,,,1989,2065,MGSU,whippo,2021-07-05 22:08:47+00:00
T13D1_20210701.png,2021-07-01,13,1,,1458,,,48.53684,-122.99848,7,,,,,,,,1937,1865,MGSU,whippo,2021-07-05 22:08:47+00:00
T13D1_20210701.png,2021-07-01,13,1,,1458,,,48.53684,-122.99848,7,,,,,,,,1975,2242,MGSU,whippo,2021-07-05 22:08:47+00:00
T13D2_20210701.png,2021-07-01,13,2,,1502,,,48.53712,-122.99836,16.25,,,,,,,,495,470,BARK,whippo,2021-07-07 17:51:33+00:00
T13D2_20210701.png,2021-07-01,13,2,,1502,,,48.53712,-122.99836,16.25,,,,,,,,444,1064,BARK,whippo,2021-07-07 17:51:33+00:00
T13D2_20210701.png,2021-07-01,13,2,,1502,,,48.53712,-122.99836,16.25,,,,,,,,322,1463,MGSU,whippo,2021-07-07 17:51:33+00:00
T13D2_20210701.png,2021-07-01,13,2,,1502,,,48.53712,-122.99836,16.25,,,,,,,,721,813,NEFI,whippo,2021-07-07 17:51:33+00:00
T13D2_20210701.png,2021-07-01,13,2,,1502,,,48.53712,-122.99836,16.25,,,,,,,,766,493,NEFI,whippo,2021-07-07 17:51:33+00:00
T13D2_20210701.png,2021-07-01,13,2,,1502,,,48.53712,-122.99836,16.25,,,,,,,,698,1183,BARK,whippo,2021-07-07 17:51:33+00:00
T13D2_20210701.png,2021-07-01,13,2,,1502,,,48.53712,-122.99836,16.25,,,,,,,,671,1869,MGSU,whippo,2021-07-07 17:51:33+00:00
T13D2_20210701.png,2021-07-01,13,2,,1502,,,48.53712,-122.99836,16.25,,,,,,,,750,2257,MGSU,whippo,2021-07-07 17:51:33+00:00
T13D2_20210701.png,2021-07-01,13,2,,1502,,,48.53712,-122.99836,16.25,,,,,,,,893,2269,BARK,whippo,2021-07-07 17:51:33+00:00
T13D2_20210701.png,2021-07-01,13,2,,1502,,,48.53712,-122.99836,16.25,,,,,,,,717,2429,BARK,whippo,2021-07-07 17:51:33+00:00
T13D2_20210701.png,2021-07-01,13,2,,1502,,,48.53712,-122.99836,16.25,,,,,,,,660,2380,BARK,whippo,2021-07-07 17:51:33+00:00
T13D2_20210701.png,2021-07-01,13,2,,1502,,,48.53712,-122.99836,16.25,,,,,,,,1002,461,NEFI,whippo,2021-07-07 17:51:33+00:00
T13D2_20210701.png,2021-07-01,13,2,,1502,,,48.53712,-122.99836,16.25,,,,,,,,1189,1687,BARK,whippo,2021-07-07 17:57:40+00:00
T13D2_20210701.png,2021-07-01,13,2,,1502,,,48.53712,-122.99836,16.25,,,,,,,,1005,1662,BARK,whippo,2021-07-07 17:57:40+00:00
T13D2_20210701.png,2021-07-01,13,2,,1502,,,48.53712,-122.99836,16.25,,,,,,,,1162,2509,OBSC,whippo,2021-07-07 17:57:40+00:00
T13D2_20210701.png,2021-07-01,13,2,,1502,,,48.53712,-122.99836,16.25,,,,,,,,1483,1301,MAENR,whippo,2021-07-07 17:57:40+00:00
T13D2_20210701.png,2021-07-01,13,2,,1502,,,48.53712,-122.99836,16.25,,,,,,,,1533,1355,MAENR,whippo,2021-07-07 17:57:40+00:00
T13D2_20210701.png,2021-07-01,13,2,,1502,,,48.53712,-122.99836,16.25,,,,,,,,1406,2152,RAFI,whippo,2021-07-07 17:57:40+00:00
T13D2_20210701.png,2021-07-01,13,2,,1502,,,48.53712,-122.99836,16.25,,,,,,,,1578,2153,BARK,whippo,2021-07-07 17:57:40+00:00
T13D2_20210701.png,2021-07-01,13,2,,1502,,,48.53712,-122.99836,16.25,,,,,,,,1434,1888,BARK,whippo,2021-07-07 17:57:40+00:00
T13D2_20210701.png,2021-07-01,13,2,,1502,,,48.53712,-122.99836,16.25,,,,,,,,1904,1578,NEFI,whippo,2021-07-07 17:57:40+00:00
T13D2_20210701.png,2021-07-01,13,2,,1502,,,48.53712,-122.99836,16.25,,,,,,,,1791,1468,RAFI,whippo,2021-07-07 17:57:40+00:00
T13D2_20210701.png,2021-07-01,13,2,,1502,,,48.53712,-122.99836,16.25,,,,,,,,1957,1413,NEFI,whippo,2021-07-06 05:23:45+00:00
T13D2_20210701.png,2021-07-01,13,2,,1502,,,48.53712,-122.99836,16.25,,,,,,,,1908,1961,NEFI,whippo,2021-07-07 17:57:40+00:00
T13D2_20210701.png,2021-07-01,13,2,,1502,,,48.53712,-122.99836,16.25,,,,,,,,1951,2043,NEFI,whippo,2021-07-07 17:57:40+00:00
T18D1_20210701.png,2021-07-01,18,1,,1435,,,48.53569,-122.9978,3.5,,,,,,,,512,1655,SAMU,sarahtanja,2021-07-07 17:45:14+00:00
T18D1_20210701.png,2021-07-01,18,1,,1435,,,48.53569,-122.9978,3.5,,,,,,,,378,1789,SAMU,sarahtanja,2021-07-07 17:45:14+00:00
T18D1_20210701.png,2021-07-01,18,1,,1435,,,48.53569,-122.9978,3.5,,,,,,,,535,2098,SAMU,sarahtanja,2021-07-07 17:45:14+00:00
T18D1_20210701.png,2021-07-01,18,1,,1435,,,48.53569,-122.9978,3.5,,,,,,,,525,2435,KELP,sarahtanja,2021-07-07 17:45:14+00:00
T18D1_20210701.png,2021-07-01,18,1,,1435,,,48.53569,-122.9978,3.5,,,,,,,,650,696,SAMU,sarahtanja,2021-07-07 17:45:14+00:00
T18D1_20210701.png,2021-07-01,18,1,,1435,,,48.53569,-122.9978,3.5,,,,,,,,750,1159,SAMU,whippo,2021-07-05 18:54:16+00:00
T18D1_20210701.png,2021-07-01,18,1,,1435,,,48.53569,-122.9978,3.5,,,,,,,,1225,641,SAMU,whippo,2021-07-05 18:54:16+00:00
T18D1_20210701.png,2021-07-01,18,1,,1435,,,48.53569,-122.9978,3.5,,,,,,,,1133,1173,SAMU,whippo,2021-07-05 18:54:16+00:00
T18D1_20210701.png,2021-07-01,18,1,,1435,,,48.53569,-122.9978,3.5,,,,,,,,1083,1336,SAMU,whippo,2021-07-05 18:54:16+00:00
T18D1_20210701.png,2021-07-01,18,1,,1435,,,48.53569,-122.9978,3.5,,,,,,,,1328,1504,SAMU,whippo,2021-07-05 18:54:16+00:00
T18D1_20210701.png,2021-07-01,18,1,,1435,,,48.53569,-122.9978,3.5,,,,,,,,1218,1878,KELP,sarahtanja,2021-07-07 17:45:14+00:00
T18D1_20210701.png,2021-07-01,18,1,,1435,,,48.53569,-122.9978,3.5,,,,,,,,1174,1764,SAMU,whippo,2021-07-05 22:11:35+00:00
T18D1_20210701.png,2021-07-01,18,1,,1435,,,48.53569,-122.9978,3.5,,,,,,,,1278,2532,OBSC,whippo,2021-07-05 22:11:35+00:00
T18D1_20210701.png,2021-07-01,18,1,,1435,,,48.53569,-122.9978,3.5,,,,,,,,1221,2546,OBSC,whippo,2021-07-05 22:11:35+00:00
T18D1_20210701.png,2021-07-01,18,1,,1435,,,48.53569,-122.9978,3.5,,,,,,,,1702,500,SAMU,whippo,2021-07-05 22:11:35+00:00
T18D1_20210701.png,2021-07-01,18,1,,1435,,,48.53569,-122.9978,3.5,,,,,,,,1351,807,SAMU,whippo,2021-07-05 22:11:35+00:00
T18D1_20210701.png,2021-07-01,18,1,,1435,,,48.53569,-122.9978,3.5,,,,,,,,1570,563,SAMU,whippo,2021-07-05 22:11:35+00:00
T18D1_20210701.png,2021-07-01,18,1,,1435,,,48.53569,-122.9978,3.5,,,,,,,,1559,935,SAMU,whippo,2021-07-05 22:11:35+00:00
T18D1_20210701.png,2021-07-01,18,1,,1435,,,48.53569,-122.9978,3.5,,,,,,,,1578,1520,SAMU,whippo,2021-07-05 22:11:35+00:00
T18D1_20210701.png,2021-07-01,18,1,,1435,,,48.53569,-122.9978,3.5,,,,,,,,1630,1766,KELP,sarahtanja,2021-07-07 17:45:14+00:00
T18D1_20210701.png,2021-07-01,18,1,,1435,,,48.53569,-122.9978,3.5,,,,,,,,1357,2036,SAMU,whippo,2021-07-05 22:11:35+00:00
T18D1_20210701.png,2021-07-01,18,1,,1435,,,48.53569,-122.9978,3.5,,,,,,,,1606,1999,KELP,sarahtanja,2021-07-07 17:45:14+00:00
T18D1_20210701.png,2021-07-01,18,1,,1435,,,48.53569,-122.9978,3.5,,,,,,,,1739,784,SAMU,sarahtanja,2021-07-07 17:45:13+00:00
T18D1_20210701.png,2021-07-01,18,1,,1435,,,48.53569,-122.9978,3.5,,,,,,,,1790,1989,KELP,sarahtanja,2021-07-07 17:45:13+00:00
T18D1_20210701.png,2021-07-01,18,1,,1435,,,48.53569,-122.9978,3.5,,,,,,,,1846,2572,KELP,sarahtanja,2021-07-07 17:45:13+00:00
T18D1-2_20210701.png,2021-07-01,18,1-2,,1435,,,48.53569,-122.9978,3.5,,,,,,,,469,464,KELP,sarahtanja,2021-07-07 19:02:01+00:00
T18D1-2_20210701.png,2021-07-01,18,1-2,,1435,,,48.53569,-122.9978,3.5,,,,,,,,427,902,KELP,sarahtanja,2021-07-07 19:02:01+00:00
T18D1-2_20210701.png,2021-07-01,18,1-2,,1435,,,48.53569,-122.9978,3.5,,,,,,,,271,938,KELP,sarahtanja,2021-07-07 19:02:01+00:00
T18D1-2_20210701.png,2021-07-01,18,1-2,,1435,,,48.53569,-122.9978,3.5,,,,,,,,287,1348,NEFI,sarahtanja,2021-07-07 19:02:00+00:00
T18D1-2_20210701.png,2021-07-01,18,1-2,,1435,,,48.53569,-122.9978,3.5,,,,,,,,391,2083,NEFI,sarahtanja,2021-07-07 19:02:00+00:00
T18D1-2_20210701.png,2021-07-01,18,1-2,,1435,,,48.53569,-122.9978,3.5,,,,,,,,344,2129,NEFI,sarahtanja,2021-07-07 19:02:00+00:00
T18D1-2_20210701.png,2021-07-01,18,1-2,,1435,,,48.53569,-122.9978,3.5,,,,,,,,521,1847,NEFI,sarahtanja,2021-07-07 19:02:00+00:00
T18D1-2_20210701.png,2021-07-01,18,1-2,,1435,,,48.53569,-122.9978,3.5,,,,,,,,360,2532,OBSC,sarahtanja,2021-07-07 17:59:05+00:00
T18D1-2_20210701.png,2021-07-01,18,1-2,,1435,,,48.53569,-122.9978,3.5,,,,,,,,381,2413,OBSC,sarahtanja,2021-07-07 17:59:05+00:00
T18D1-2_20210701.png,2021-07-01,18,1-2,,1435,,,48.53569,-122.9978,3.5,,,,,,,,312,2328,OBSC,sarahtanja,2021-07-07 17:59:05+00:00
T18D1-2_20210701.png,2021-07-01,18,1-2,,1435,,,48.53569,-122.9978,3.5,,,,,,,,747,485,KELP,sarahtanja,2021-07-07 19:02:00+00:00
T18D1-2_20210701.png,2021-07-01,18,1-2,,1435,,,48.53569,-122.9978,3.5,,,,,,,,835,2600,SAMU,sarahtanja,2021-07-07 17:59:05+00:00
T18D1-2_20210701.png,2021-07-01,18,1-2,,1435,,,48.53569,-122.9978,3.5,,,,,,,,1243,518,KELP,sarahtanja,2021-07-07 17:59:05+00:00
T18D1-2_20210701.png,2021-07-01,18,1-2,,1435,,,48.53569,-122.9978,3.5,,,,,,,,1112,635,KELP,sarahtanja,2021-07-07 19:02:00+00:00
T18D1-2_20210701.png,2021-07-01,18,1-2,,1435,,,48.53569,-122.9978,3.5,,,,,,,,1103,1242,RAFI,sarahtanja,2021-07-07 17:59:05+00:00
T18D1-2_20210701.png,2021-07-01,18,1-2,,1435,,,48.53569,-122.9978,3.5,,,,,,,,1111,1585,MGSU,sarahtanja,2021-07-07 17:59:05+00:00
T18D1-2_20210701.png,2021-07-01,18,1-2,,1435,,,48.53569,-122.9978,3.5,,,,,,,,1282,1452,RAFI,sarahtanja,2021-07-07 17:59:05+00:00
T18D1-2_20210701.png,2021-07-01,18,1-2,,1435,,,48.53569,-122.9978,3.5,,,,,,,,1009,1955,NEFI,sarahtanja,2021-07-07 19:02:00+00:00
T18D1-2_20210701.png,2021-07-01,18,1-2,,1435,,,48.53569,-122.9978,3.5,,,,,,,,1621,1354,MGSU,sarahtanja,2021-07-07 19:02:00+00:00
T18D1-2_20210701.png,2021-07-01,18,1-2,,1435,,,48.53569,-122.9978,3.5,,,,,,,,1417,1374,OBSC,sarahtanja,2021-07-07 19:02:00+00:00
T18D1-2_20210701.png,2021-07-01,18,1-2,,1435,,,48.53569,-122.9978,3.5,,,,,,,,1973,678,KELP,sarahtanja,2021-07-07 19:02:00+00:00
T18D1-2_20210701.png,2021-07-01,18,1-2,,1435,,,48.53569,-122.9978,3.5,,,,,,,,1888,965,KELP,sarahtanja,2021-07-07 19:02:00+00:00
T18D1-2_20210701.png,2021-07-01,18,1-2,,1435,,,48.53569,-122.9978,3.5,,,,,,,,1992,1532,NEFI,sarahtanja,2021-07-07 19:02:00+00:00
T18D1-2_20210701.png,2021-07-01,18,1-2,,1435,,,48.53569,-122.9978,3.5,,,,,,,,1773,2491,NEFI,sarahtanja,2021-07-07 19:02:00+00:00
T18D1-2_20210701.png,2021-07-01,18,1-2,,1435,,,48.53569,-122.9978,3.5,,,,,,,,2016,2294,NEFI,sarahtanja,2021-07-07 19:02:00+00:00
T18D2_20210701.png,2021-07-01,18,2,,1440,,,48.53560,-122.99751,30,,,,,,,,476,1047,MGSU,sarahtanja,2021-07-07 18:05:53+00:00
T18D2_20210701.png,2021-07-01,18,2,,1440,,,48.53560,-122.99751,30,,,,,,,,494,1153,MGSU,sarahtanja,2021-07-07 18:05:53+00:00
T18D2_20210701.png,2021-07-01,18,2,,1440,,,48.53560,-122.99751,30,,,,,,,,366,1385,MGSU,sarahtanja,2021-07-07 18:05:53+00:00
T18D2_20210701.png,2021-07-01,18,2,,1440,,,48.53560,-122.99751,30,,,,,,,,340,1747,MGSU,sarahtanja,2021-07-07 18:05:53+00:00
T18D2_20210701.png,2021-07-01,18,2,,1440,,,48.53560,-122.99751,30,,,,,,,,578,1998,MGSU,sarahtanja,2021-07-07 18:05:53+00:00
T18D2_20210701.png,2021-07-01,18,2,,1440,,,48.53560,-122.99751,30,,,,,,,,741,854,MGSU,sarahtanja,2021-07-07 18:05:53+00:00
T18D2_20210701.png,2021-07-01,18,2,,1440,,,48.53560,-122.99751,30,,,,,,,,606,633,MGSU,sarahtanja,2021-07-07 18:05:53+00:00
T18D2_20210701.png,2021-07-01,18,2,,1440,,,48.53560,-122.99751,30,,,,,,,,845,1182,MGSU,sarahtanja,2021-07-07 18:05:53+00:00
T18D2_20210701.png,2021-07-01,18,2,,1440,,,48.53560,-122.99751,30,,,,,,,,781,1689,MGSU,sarahtanja,2021-07-07 18:05:53+00:00
T18D2_20210701.png,2021-07-01,18,2,,1440,,,48.53560,-122.99751,30,,,,,,,,609,1344,MGSU,sarahtanja,2021-07-07 18:05:53+00:00
T18D2_20210701.png,2021-07-01,18,2,,1440,,,48.53560,-122.99751,30,,,,,,,,800,2054,MGSU,sarahtanja,2021-07-07 18:05:53+00:00
T18D2_20210701.png,2021-07-01,18,2,,1440,,,48.53560,-122.99751,30,,,,,,,,616,2327,OBSC,sarahtanja,2021-07-07 18:05:53+00:00
T18D2_20210701.png,2021-07-01,18,2,,1440,,,48.53560,-122.99751,30,,,,,,,,840,2480,OBSC,sarahtanja,2021-07-07 18:05:53+00:00
T18D2_20210701.png,2021-07-01,18,2,,1440,,,48.53560,-122.99751,30,,,,,,,,1213,1725,RAFI,sarahtanja,2021-07-07 18:05:53+00:00
T18D2_20210701.png,2021-07-01,18,2,,1440,,,48.53560,-122.99751,30,,,,,,,,1234,2481,OBSC,sarahtanja,2021-07-07 18:05:52+00:00
T18D2_20210701.png,2021-07-01,18,2,,1440,,,48.53560,-122.99751,30,,,,,,,,1313,2371,OBSC,sarahtanja,2021-07-07 18:05:52+00:00
T18D2_20210701.png,2021-07-01,18,2,,1440,,,48.53560,-122.99751,30,,,,,,,,1582,981,MGSU,sarahtanja,2021-07-07 18:05:52+00:00
T18D2_20210701.png,2021-07-01,18,2,,1440,,,48.53560,-122.99751,30,,,,,,,,1634,1491,MGSU,sarahtanja,2021-07-07 18:05:52+00:00
T18D2_20210701.png,2021-07-01,18,2,,1440,,,48.53560,-122.99751,30,,,,,,,,1505,1748,MGSU,sarahtanja,2021-07-07 18:05:52+00:00
T18D2_20210701.png,2021-07-01,18,2,,1440,,,48.53560,-122.99751,30,,,,,,,,1663,2491,OBSC,sarahtanja,2021-07-07 18:05:52+00:00
T18D2_20210701.png,2021-07-01,18,2,,1440,,,48.53560,-122.99751,30,,,,,,,,2030,855,MGSU,sarahtanja,2021-07-07 18:05:52+00:00
T18D2_20210701.png,2021-07-01,18,2,,1440,,,48.53560,-122.99751,30,,,,,,,,2035,792,MGSU,sarahtanja,2021-07-07 18:05:52+00:00
T18D2_20210701.png,2021-07-01,18,2,,1440,,,48.53560,-122.99751,30,,,,,,,,2003,1145,RAFI,sarahtanja,2021-07-07 18:05:52+00:00
T18D2_20210701.png,2021-07-01,18,2,,1440,,,48.53560,-122.99751,30,,,,,,,,1753,1153,MGSU,sarahtanja,2021-07-07 18:05:52+00:00
T18D2_20210701.png,2021-07-01,18,2,,1440,,,48.53560,-122.99751,30,,,,,,,,1926,2604,MGSU,sarahtanja,2021-07-07 18:05:52+00:00
T33D1_20210701.png,2021-07-01,33,1,,1445,,,48.53617,-122.99773,8.25,,,,,,,,468,960,NEFI,whippo,2021-07-07 18:00:25+00:00
T33D1_20210701.png,2021-07-01,33,1,,1445,,,48.53617,-122.99773,8.25,,,,,,,,850,1242,NEFI,whippo,2021-07-07 18:00:25+00:00
T33D1_20210701.png,2021-07-01,33,1,,1445,,,48.53617,-122.99773,8.25,,,,,,,,777,1727,NEFI,whippo,2021-07-07 18:00:25+00:00
T33D1_20210701.png,2021-07-01,33,1,,1445,,,48.53617,-122.99773,8.25,,,,,,,,788,1436,NEFI,whippo,2021-07-07 18:00:25+00:00
T33D1_20210701.png,2021-07-01,33,1,,1445,,,48.53617,-122.99773,8.25,,,,,,,,732,2159,NEFI,whippo,2021-07-07 18:00:25+00:00
T33D1_20210701.png,2021-07-01,33,1,,1445,,,48.53617,-122.99773,8.25,,,,,,,,916,2490,NEFI,whippo,2021-07-07 18:00:25+00:00
T33D1_20210701.png,2021-07-01,33,1,,1445,,,48.53617,-122.99773,8.25,,,,,,,,1117,880,NEFI,whippo,2021-07-07 18:00:25+00:00
T33D1_20210701.png,2021-07-01,33,1,,1445,,,48.53617,-122.99773,8.25,,,,,,,,1066,1222,NEFI,whippo,2021-07-07 18:00:25+00:00
T33D1_20210701.png,2021-07-01,33,1,,1445,,,48.53617,-122.99773,8.25,,,,,,,,1338,612,NEFI,whippo,2021-07-07 18:00:25+00:00
T33D1_20210701.png,2021-07-01,33,1,,1445,,,48.53617,-122.99773,8.25,,,,,,,,1588,696,NEFI,whippo,2021-07-07 18:00:25+00:00
T33D1_20210701.png,2021-07-01,33,1,,1445,,,48.53617,-122.99773,8.25,,,,,,,,1629,984,NEFI,whippo,2021-07-07 18:00:25+00:00
T33D1_20210701.png,2021-07-01,33,1,,1445,,,48.53617,-122.99773,8.25,,,,,,,,1700,1223,NEFI,whippo,2021-07-07 18:00:25+00:00
T33D1_20210701.png,2021-07-01,33,1,,1445,,,48.53617,-122.99773,8.25,,,,,,,,1365,1526,NEFI,whippo,2021-07-07 18:00:25+00:00
T33D1_20210701.png,2021-07-01,33,1,,1445,,,48.53617,-122.99773,8.25,,,,,,,,1400,1713,NEFI,whippo,2021-07-07 18:00:25+00:00
T33D1_20210701.png,2021-07-01,33,1,,1445,,,48.53617,-122.99773,8.25,,,,,,,,1606,1518,NEFI,whippo,2021-07-07 18:00:25+00:00
T33D1_20210701.png,2021-07-01,33,1,,1445,,,48.53617,-122.99773,8.25,,,,,,,,1698,2299,NEFI,whippo,2021-07-07 18:00:25+00:00
T33D1_20210701.png,2021-07-01,33,1,,1445,,,48.53617,-122.99773,8.25,,,,,,,,1563,2517,OBSC,whippo,2021-07-07 18:00:25+00:00
T33D1_20210701.png,2021-07-01,33,1,,1445,,,48.53617,-122.99773,8.25,,,,,,,,1414,2518,OBSC,whippo,2021-07-07 18:00:25+00:00
T33D1_20210701.png,2021-07-01,33,1,,1445,,,48.53617,-122.99773,8.25,,,,,,,,1736,797,NEFI,whippo,2021-07-07 18:00:25+00:00
T33D1_20210701.png,2021-07-01,33,1,,1445,,,48.53617,-122.99773,8.25,,,,,,,,1720,767,NEFI,whippo,2021-07-07 18:00:25+00:00
T33D1_20210701.png,2021-07-01,33,1,,1445,,,48.53617,-122.99773,8.25,,,,,,,,1958,1506,NEFI,whippo,2021-07-07 18:00:25+00:00
T33D1_20210701.png,2021-07-01,33,1,,1445,,,48.53617,-122.99773,8.25,,,,,,,,1840,1812,NEFI,whippo,2021-07-07 18:00:25+00:00
T33D1_20210701.png,2021-07-01,33,1,,1445,,,48.53617,-122.99773,8.25,,,,,,,,1764,2301,NEFI,whippo,2021-07-07 18:00:25+00:00
T33D1_20210701.png,2021-07-01,33,1,,1445,,,48.53617,-122.99773,8.25,,,,,,,,1849,2552,NEFI,whippo,2021-07-07 18:00:25+00:00
T33D1_20210701.png,2021-07-01,33,1,,1445,,,48.53617,-122.99773,8.25,,,,,,,,1942,2436,NEFI,whippo,2021-07-07 18:00:25+00:00
T33D2_20210701.png,2021-07-01,33,2,,1448,,,48.53621,-122.99760,13.5,,,,,,,,441,583,MGSU,sarahtanja,2021-07-07 18:22:38+00:00
T33D2_20210701.png,2021-07-01,33,2,,1448,,,48.53621,-122.99760,13.5,,,,,,,,249,711,MGSU,sarahtanja,2021-07-07 18:22:38+00:00
T33D2_20210701.png,2021-07-01,33,2,,1448,,,48.53621,-122.99760,13.5,,,,,,,,513,975,RAFI,sarahtanja,2021-07-07 18:22:38+00:00
T33D2_20210701.png,2021-07-01,33,2,,1448,,,48.53621,-122.99760,13.5,,,,,,,,507,1391,MGSU,sarahtanja,2021-07-07 18:22:38+00:00
T33D2_20210701.png,2021-07-01,33,2,,1448,,,48.53621,-122.99760,13.5,,,,,,,,558,2059,HASH,sarahtanja,2021-07-07 18:22:38+00:00
T33D2_20210701.png,2021-07-01,33,2,,1448,,,48.53621,-122.99760,13.5,,,,,,,,294,1773,HASH,sarahtanja,2021-07-07 18:22:38+00:00
T33D2_20210701.png,2021-07-01,33,2,,1448,,,48.53621,-122.99760,13.5,,,,,,,,873,1363,MGSU,sarahtanja,2021-07-07 18:22:38+00:00
T33D2_20210701.png,2021-07-01,33,2,,1448,,,48.53621,-122.99760,13.5,,,,,,,,657,2227,HASH,sarahtanja,2021-07-07 18:22:38+00:00
T33D2_20210701.png,2021-07-01,33,2,,1448,,,48.53621,-122.99760,13.5,,,,,,,,628,2189,HASH,sarahtanja,2021-07-07 18:22:38+00:00
T33D2_20210701.png,2021-07-01,33,2,,1448,,,48.53621,-122.99760,13.5,,,,,,,,1229,588,UBS,sarahtanja,2021-07-07 18:22:38+00:00
T33D2_20210701.png,2021-07-01,33,2,,1448,,,48.53621,-122.99760,13.5,,,,,,,,1331,899,CHCA,sarahtanja,2021-07-07 18:24:18+00:00
T33D2_20210701.png,2021-07-01,33,2,,1448,,,48.53621,-122.99760,13.5,,,,,,,,1148,1270,MGSU,sarahtanja,2021-07-07 18:24:18+00:00
T33D2_20210701.png,2021-07-01,33,2,,1448,,,48.53621,-122.99760,13.5,,,,,,,,974,1647,HASH,sarahtanja,2021-07-07 18:24:18+00:00
T33D2_20210701.png,2021-07-01,33,2,,1448,,,48.53621,-122.99760,13.5,,,,,,,,1312,2124,RAFI,sarahtanja,2021-07-07 18:24:18+00:00
T33D2_20210701.png,2021-07-01,33,2,,1448,,,48.53621,-122.99760,13.5,,,,,,,,1480,1798,MGSU,sarahtanja,2021-07-07 18:24:18+00:00
T33D2_20210701.png,2021-07-01,33,2,,1448,,,48.53621,-122.99760,13.5,,,,,,,,1647,2071,MGSU,sarahtanja,2021-07-07 18:24:18+00:00
T33D2_20210701.png,2021-07-01,33,2,,1448,,,48.53621,-122.99760,13.5,,,,,,,,1389,1862,RAFI,sarahtanja,2021-07-07 18:24:18+00:00
T33D2_20210701.png,2021-07-01,33,2,,1448,,,48.53621,-122.99760,13.5,,,,,,,,1890,570,ULVA,sarahtanja,2021-07-07 18:24:18+00:00
T33D2_20210701.png,2021-07-01,33,2,,1448,,,48.53621,-122.99760,13.5,,,,,,,,2028,1194,ULVA,sarahtanja,2021-07-07 18:24:18+00:00
T33D2_20210701.png,2021-07-01,33,2,,1448,,,48.53621,-122.99760,13.5,,,,,,,,1712,1290,MGSU,sarahtanja,2021-07-07 18:24:18+00:00
T33D2_20210701.png,2021-07-01,33,2,,1448,,,48.53621,-122.99760,13.5,,,,,,,,1769,1210,RAFI,sarahtanja,2021-07-07 18:24:18+00:00
T33D2_20210701.png,2021-07-01,33,2,,1448,,,48.53621,-122.99760,13.5,,,,,,,,1949,1212,RAFI,sarahtanja,2021-07-07 18:24:18+00:00
T33D2_20210701.png,2021-07-01,33,2,,1448,,,48.53621,-122.99760,13.5,,,,,,,,1863,1457,RAFI,sarahtanja,2021-07-07 18:24:18+00:00
T33D2_20210701.png,2021-07-01,33,2,,1448,,,48.53621,-122.99760,13.5,,,,,,,,1794,1660,RAFI,sarahtanja,2021-07-07 18:24:18+00:00
T33D2_20210701.png,2021-07-01,33,2,,1448,,,48.53621,-122.99760,13.5,,,,,,,,1888,2360,MGSU,sarahtanja,2021-07-07 18:24:18+00:00
T33D2-2_20210701.png,2021-07-01,33,2-2,,1448,,,48.53621,-122.99760,13.5,,,,,,,,431,1285,HASH,mcmahsta,2021-07-07 18:22:05+00:00
T33D2-2_20210701.png,2021-07-01,33,2-2,,1448,,,48.53621,-122.99760,13.5,,,,,,,,311,963,HASH,mcmahsta,2021-07-07 18:22:05+00:00
T33D2-2_20210701.png,2021-07-01,33,2-2,,1448,,,48.53621,-122.99760,13.5,,,,,,,,444,915,HASH,mcmahsta,2021-07-07 18:22:05+00:00
T33D2-2_20210701.png,2021-07-01,33,2-2,,1448,,,48.53621,-122.99760,13.5,,,,,,,,489,2365,HASH,mcmahsta,2021-07-07 18:22:05+00:00
T33D2-2_20210701.png,2021-07-01,33,2-2,,1448,,,48.53621,-122.99760,13.5,,,,,,,,786,760,HASH,mcmahsta,2021-07-07 18:22:05+00:00
T33D2-2_20210701.png,2021-07-01,33,2-2,,1448,,,48.53621,-122.99760,13.5,,,,,,,,619,1207,HASH,mcmahsta,2021-07-07 18:22:05+00:00
T33D2-2_20210701.png,2021-07-01,33,2-2,,1448,,,48.53621,-122.99760,13.5,,,,,,,,860,896,HASH,mcmahsta,2021-07-07 18:22:05+00:00
T33D2-2_20210701.png,2021-07-01,33,2-2,,1448,,,48.53621,-122.99760,13.5,,,,,,,,684,1549,HASH,mcmahsta,2021-07-07 18:22:05+00:00
T33D2-2_20210701.png,2021-07-01,33,2-2,,1448,,,48.53621,-122.99760,13.5,,,,,,,,633,2517,OBSC,mcmahsta,2021-07-07 18:22:05+00:00
T33D2-2_20210701.png,2021-07-01,33,2-2,,1448,,,48.53621,-122.99760,13.5,,,,,,,,755,2406,HASH,mcmahsta,2021-07-07 18:22:05+00:00
T33D2-2_20210701.png,2021-07-01,33,2-2,,1448,,,48.53621,-122.99760,13.5,,,,,,,,1081,523,HASH,mcmahsta,2021-07-07 18:22:05+00:00
T33D2-2_20210701.png,2021-07-01,33,2-2,,1448,,,48.53621,-122.99760,13.5,,,,,,,,1027,1032,HASH,mcmahsta,2021-07-07 18:22:05+00:00
T33D2-2_20210701.png,2021-07-01,33,2-2,,1448,,,48.53621,-122.99760,13.5,,,,,,,,1306,2288,HASH,mcmahsta,2021-07-07 18:22:05+00:00
T33D2-2_20210701.png,2021-07-01,33,2-2,,1448,,,48.53621,-122.99760,13.5,,,,,,,,1622,811,HASH,mcmahsta,2021-07-07 18:22:05+00:00
T33D2-2_20210701.png,2021-07-01,33,2-2,,1448,,,48.53621,-122.99760,13.5,,,,,,,,1399,643,HASH,mcmahsta,2021-07-07 18:22:05+00:00
T33D2-2_20210701.png,2021-07-01,33,2-2,,1448,,,48.53621,-122.99760,13.5,,,,,,,,1482,673,HASH,mcmahsta,2021-07-07 18:22:05+00:00
T33D2-2_20210701.png,2021-07-01,33,2-2,,1448,,,48.53621,-122.99760,13.5,,,,,,,,1516,1309,HASH,mcmahsta,2021-07-07 18:22:05+00:00
T33D2-2_20210701.png,2021-07-01,33,2-2,,1448,,,48.53621,-122.99760,13.5,,,,,,,,1428,1633,HASH,mcmahsta,2021-07-07 18:22:05+00:00
T33D2-2_20210701.png,2021-07-01,33,2-2,,1448,,,48.53621,-122.99760,13.5,,,,,,,,1345,2446,OBSC,mcmahsta,2021-07-07 18:22:05+00:00
T33D2-2_20210701.png,2021-07-01,33,2-2,,1448,,,48.53621,-122.99760,13.5,,,,,,,,1758,1618,HASH,mcmahsta,2021-07-07 18:22:05+00:00
T33D2-2_20210701.png,2021-07-01,33,2-2,,1448,,,48.53621,-122.99760,13.5,,,,,,,,1792,1383,HASH,mcmahsta,2021-07-07 18:22:05+00:00
T33D2-2_20210701.png,2021-07-01,33,2-2,,1448,,,48.53621,-122.99760,13.5,,,,,,,,2006,1627,HASH,mcmahsta,2021-07-07 18:22:05+00:00
T33D2-2_20210701.png,2021-07-01,33,2-2,,1448,,,48.53621,-122.99760,13.5,,,,,,,,1974,1979,HASH,mcmahsta,2021-07-07 18:22:05+00:00
T33D2-2_20210701.png,2021-07-01,33,2-2,,1448,,,48.53621,-122.99760,13.5,,,,,,,,1704,1977,HASH,mcmahsta,2021-07-07 18:22:05+00:00
T33D2-2_20210701.png,2021-07-01,33,2-2,,1448,,,48.53621,-122.99760,13.5,,,,,,,,1742,2223,HASH,mcmahsta,2021-07-07 18:22:05+00:00
T33D3_20210701.png,2021-07-01,33,3,,1451,,,48.53621,-122.99737,16.5,,,,,,,,399,595,NEFI,whippo,2021-07-06 05:24:58+00:00
T33D3_20210701.png,2021-07-01,33,3,,1451,,,48.53621,-122.99737,16.5,,,,,,,,329,526,MGSU,whippo,2021-07-05 18:56:43+00:00
T33D3_20210701.png,2021-07-01,33,3,,1451,,,48.53621,-122.99737,16.5,,,,,,,,380,1155,NEFI,whippo,2021-07-06 05:24:58+00:00
T33D3_20210701.png,2021-07-01,33,3,,1451,,,48.53621,-122.99737,16.5,,,,,,,,575,1758,NEFI,whippo,2021-07-06 05:24:58+00:00
T33D3_20210701.png,2021-07-01,33,3,,1451,,,48.53621,-122.99737,16.5,,,,,,,,426,2218,NEFI,whippo,2021-07-06 05:24:58+00:00
T33D3_20210701.png,2021-07-01,33,3,,1451,,,48.53621,-122.99737,16.5,,,,,,,,376,2370,NEFI,whippo,2021-07-06 05:24:58+00:00
T33D3_20210701.png,2021-07-01,33,3,,1451,,,48.53621,-122.99737,16.5,,,,,,,,738,612,NEFI,whippo,2021-07-06 05:24:58+00:00
T33D3_20210701.png,2021-07-01,33,3,,1451,,,48.53621,-122.99737,16.5,,,,,,,,943,785,NEFI,whippo,2021-07-06 05:24:58+00:00
T33D3_20210701.png,2021-07-01,33,3,,1451,,,48.53621,-122.99737,16.5,,,,,,,,730,1483,NEFI,whippo,2021-07-06 05:24:58+00:00
T33D3_20210701.png,2021-07-01,33,3,,1451,,,48.53621,-122.99737,16.5,,,,,,,,1164,527,MGSU,whippo,2021-07-05 18:56:43+00:00
T33D3_20210701.png,2021-07-01,33,3,,1451,,,48.53621,-122.99737,16.5,,,,,,,,1065,745,NEFI,whippo,2021-07-06 05:24:58+00:00
T33D3_20210701.png,2021-07-01,33,3,,1451,,,48.53621,-122.99737,16.5,,,,,,,,1218,992,NEFI,whippo,2021-07-06 05:24:58+00:00
T33D3_20210701.png,2021-07-01,33,3,,1451,,,48.53621,-122.99737,16.5,,,,,,,,1226,1663,NEFI,whippo,2021-07-06 05:24:58+00:00
T33D3_20210701.png,2021-07-01,33,3,,1451,,,48.53621,-122.99737,16.5,,,,,,,,1177,1620,NEFI,whippo,2021-07-06 05:24:58+00:00
T33D3_20210701.png,2021-07-01,33,3,,1451,,,48.53621,-122.99737,16.5,,,,,,,,1291,1865,NEFI,whippo,2021-07-06 05:24:58+00:00
T33D3_20210701.png,2021-07-01,33,3,,1451,,,48.53621,-122.99737,16.5,,,,,,,,1235,2034,NEFI,whippo,2021-07-06 05:24:58+00:00
T33D3_20210701.png,2021-07-01,33,3,,1451,,,48.53621,-122.99737,16.5,,,,,,,,1104,2309,NEFI,whippo,2021-07-06 05:24:58+00:00
T33D3_20210701.png,2021-07-01,33,3,,1451,,,48.53621,-122.99737,16.5,,,,,,,,1310,2422,NEFI,whippo,2021-07-06 05:24:58+00:00
T33D3_20210701.png,2021-07-01,33,3,,1451,,,48.53621,-122.99737,16.5,,,,,,,,1398,1039,NEFI,whippo,2021-07-06 05:24:58+00:00
T33D3_20210701.png,2021-07-01,33,3,,1451,,,48.53621,-122.99737,16.5,,,,,,,,1378,2082,NEFI,whippo,2021-07-06 05:24:58+00:00
T33D3_20210701.png,2021-07-01,33,3,,1451,,,48.53621,-122.99737,16.5,,,,,,,,1395,2279,NEFI,whippo,2021-07-06 05:24:58+00:00
T33D3_20210701.png,2021-07-01,33,3,,1451,,,48.53621,-122.99737,16.5,,,,,,,,1457,2388,MGSU,whippo,2021-07-05 18:56:42+00:00
T33D3_20210701.png,2021-07-01,33,3,,1451,,,48.53621,-122.99737,16.5,,,,,,,,1801,555,MGSU,whippo,2021-07-05 18:56:42+00:00
T33D3_20210701.png,2021-07-01,33,3,,1451,,,48.53621,-122.99737,16.5,,,,,,,,1712,1001,NEFI,whippo,2021-07-06 05:24:58+00:00
T33D3_20210701.png,2021-07-01,33,3,,1451,,,48.53621,-122.99737,16.5,,,,,,,,1892,1994,MGSU,whippo,2021-07-05 18:56:42+00:00
T7D1_20210701.png,2021-07-01,7,1,,1537,,,48.53897,-123.00117,6,,,,,,,,526,869,KELP,mcmahsta,2021-07-07 18:06:02+00:00
T7D1_20210701.png,2021-07-01,7,1,,1537,,,48.53897,-123.00117,6,,,,,,,,516,1063,KELP,mcmahsta,2021-07-07 18:06:02+00:00
T7D1_20210701.png,2021-07-01,7,1,,1537,,,48.53897,-123.00117,6,,,,,,,,513,1417,KELP,mcmahsta,2021-07-07 18:06:02+00:00
T7D1_20210701.png,2021-07-01,7,1,,1537,,,48.53897,-123.00117,6,,,,,,,,422,1720,KELP,mcmahsta,2021-07-07 18:06:02+00:00
T7D1_20210701.png,2021-07-01,7,1,,1537,,,48.53897,-123.00117,6,,,,,,,,343,2020,NEFI,mcmahsta,2021-07-07 18:06:02+00:00
T7D1_20210701.png,2021-07-01,7,1,,1537,,,48.53897,-123.00117,6,,,,,,,,339,2045,NEFI,mcmahsta,2021-07-07 18:06:02+00:00
T7D1_20210701.png,2021-07-01,7,1,,1537,,,48.53897,-123.00117,6,,,,,,,,576,2049,NEFI,mcmahsta,2021-07-07 18:06:02+00:00
T7D1_20210701.png,2021-07-01,7,1,,1537,,,48.53897,-123.00117,6,,,,,,,,861,864,KELP,mcmahsta,2021-07-07 18:06:02+00:00
T7D1_20210701.png,2021-07-01,7,1,,1537,,,48.53897,-123.00117,6,,,,,,,,856,1713,NEFI,mcmahsta,2021-07-07 18:06:02+00:00
T7D1_20210701.png,2021-07-01,7,1,,1537,,,48.53897,-123.00117,6,,,,,,,,602,1922,NEFI,mcmahsta,2021-07-07 18:06:02+00:00
T7D1_20210701.png,2021-07-01,7,1,,1537,,,48.53897,-123.00117,6,,,,,,,,614,2109,NEFI,mcmahsta,2021-07-07 18:06:02+00:00
T7D1_20210701.png,2021-07-01,7,1,,1537,,,48.53897,-123.00117,6,,,,,,,,805,2552,NEFI,mcmahsta,2021-07-07 18:06:02+00:00
T7D1_20210701.png,2021-07-01,7,1,,1537,,,48.53897,-123.00117,6,,,,,,,,1310,586,KELP,mcmahsta,2021-07-07 18:06:02+00:00
T7D1_20210701.png,2021-07-01,7,1,,1537,,,48.53897,-123.00117,6,,,,,,,,1212,803,KELP,mcmahsta,2021-07-07 18:06:02+00:00
T7D1_20210701.png,2021-07-01,7,1,,1537,,,48.53897,-123.00117,6,,,,,,,,1218,1406,KELP,mcmahsta,2021-07-07 18:06:02+00:00
T7D1_20210701.png,2021-07-01,7,1,,1537,,,48.53897,-123.00117,6,,,,,,,,1180,2193,KELP,mcmahsta,2021-07-07 18:06:02+00:00
T7D1_20210701.png,2021-07-01,7,1,,1537,,,48.53897,-123.00117,6,,,,,,,,1689,1742,KELP,mcmahsta,2021-07-07 18:06:02+00:00
T7D1_20210701.png,2021-07-01,7,1,,1537,,,48.53897,-123.00117,6,,,,,,,,1676,2481,KELP,mcmahsta,2021-07-07 18:06:02+00:00
T7D1_20210701.png,2021-07-01,7,1,,1537,,,48.53897,-123.00117,6,,,,,,,,2023,480,OBSC,whippo,2021-07-05 22:13:02+00:00
T7D1_20210701.png,2021-07-01,7,1,,1537,,,48.53897,-123.00117,6,,,,,,,,1867,1055,KELP,mcmahsta,2021-07-07 18:06:02+00:00
T7D1_20210701.png,2021-07-01,7,1,,1537,,,48.53897,-123.00117,6,,,,,,,,1893,911,KELP,mcmahsta,2021-07-07 18:06:02+00:00
T7D1_20210701.png,2021-07-01,7,1,,1537,,,48.53897,-123.00117,6,,,,,,,,1936,1928,KELP,mcmahsta,2021-07-07 18:06:02+00:00
T7D1_20210701.png,2021-07-01,7,1,,1537,,,48.53897,-123.00117,6,,,,,,,,1968,1965,KELP,mcmahsta,2021-07-07 18:06:02+00:00
T7D1_20210701.png,2021-07-01,7,1,,1537,,,48.53897,-123.00117,6,,,,,,,,2018,2262,KELP,mcmahsta,2021-07-07 18:06:02+00:00
T7D1_20210701.png,2021-07-01,7,1,,1537,,,48.53897,-123.00117,6,,,,,,,,2022,2480,OBSC,whippo,2021-07-05 22:13:02+00:00
T7D1-2_20210701.png,2021-07-01,7,1-2,,1537,,,48.53897,-123.00117,6,,,,,,,,457,856,UBS,mcmahsta,2021-07-07 18:12:33+00:00
T7D1-2_20210701.png,2021-07-01,7,1-2,,1537,,,48.53897,-123.00117,6,,,,,,,,598,1386,MGSU,mcmahsta,2021-07-07 18:12:33+00:00
T7D1-2_20210701.png,2021-07-01,7,1-2,,1537,,,48.53897,-123.00117,6,,,,,,,,585,1380,UBS,mcmahsta,2021-07-07 18:12:33+00:00
T7D1-2_20210701.png,2021-07-01,7,1-2,,1537,,,48.53897,-123.00117,6,,,,,,,,411,1363,MGSU,mcmahsta,2021-07-07 18:12:33+00:00
T7D1-2_20210701.png,2021-07-01,7,1-2,,1537,,,48.53897,-123.00117,6,,,,,,,,400,1639,MGSU,mcmahsta,2021-07-07 18:12:33+00:00
T7D1-2_20210701.png,2021-07-01,7,1-2,,1537,,,48.53897,-123.00117,6,,,,,,,,717,552,NEFI,whippo,2021-07-06 05:25:20+00:00
T7D1-2_20210701.png,2021-07-01,7,1-2,,1537,,,48.53897,-123.00117,6,,,,,,,,745,1069,NEFI,whippo,2021-07-06 05:25:20+00:00
T7D1-2_20210701.png,2021-07-01,7,1-2,,1537,,,48.53897,-123.00117,6,,,,,,,,686,2067,MGSU,mcmahsta,2021-07-07 18:12:33+00:00
T7D1-2_20210701.png,2021-07-01,7,1-2,,1537,,,48.53897,-123.00117,6,,,,,,,,713,2222,RAFI,mcmahsta,2021-07-07 18:12:33+00:00
T7D1-2_20210701.png,2021-07-01,7,1-2,,1537,,,48.53897,-123.00117,6,,,,,,,,1069,1015,UBS,mcmahsta,2021-07-07 18:12:33+00:00
T7D1-2_20210701.png,2021-07-01,7,1-2,,1537,,,48.53897,-123.00117,6,,,,,,,,977,2029,UBS,mcmahsta,2021-07-07 18:12:33+00:00
T7D1-2_20210701.png,2021-07-01,7,1-2,,1537,,,48.53897,-123.00117,6,,,,,,,,1348,626,UBS,mcmahsta,2021-07-07 18:12:33+00:00
T7D1-2_20210701.png,2021-07-01,7,1-2,,1537,,,48.53897,-123.00117,6,,,,,,,,1341,980,COCO,whippo,2021-07-05 18:58:04+00:00
T7D1-2_20210701.png,2021-07-01,7,1-2,,1537,,,48.53897,-123.00117,6,,,,,,,,1437,1259,COCO,whippo,2021-07-05 18:58:04+00:00
T7D1-2_20210701.png,2021-07-01,7,1-2,,1537,,,48.53897,-123.00117,6,,,,,,,,1625,1671,UBS,mcmahsta,2021-07-07 18:12:33+00:00
T7D1-2_20210701.png,2021-07-01,7,1-2,,1537,,,48.53897,-123.00117,6,,,,,,,,1621,1595,MGSU,mcmahsta,2021-07-07 18:12:33+00:00
T7D1-2_20210701.png,2021-07-01,7,1-2,,1537,,,48.53897,-123.00117,6,,,,,,,,1442,2176,MGSU,mcmahsta,2021-07-07 18:12:33+00:00
T7D1-2_20210701.png,2021-07-01,7,1-2,,1537,,,48.53897,-123.00117,6,,,,,,,,1502,1983,RAFI,mcmahsta,2021-07-07 18:12:33+00:00
T7D1-2_20210701.png,2021-07-01,7,1-2,,1537,,,48.53897,-123.00117,6,,,,,,,,1434,2398,RAFI,mcmahsta,2021-07-07 18:12:33+00:00
T7D1-2_20210701.png,2021-07-01,7,1-2,,1537,,,48.53897,-123.00117,6,,,,,,,,2044,856,OBSC,whippo,2021-07-05 18:58:04+00:00
T7D1-2_20210701.png,2021-07-01,7,1-2,,1537,,,48.53897,-123.00117,6,,,,,,,,2063,1607,OBSC,whippo,2021-07-05 18:58:04+00:00
T7D1-2_20210701.png,2021-07-01,7,1-2,,1537,,,48.53897,-123.00117,6,,,,,,,,1995,1436,COCO,whippo,2021-07-05 18:58:04+00:00
T7D1-2_20210701.png,2021-07-01,7,1-2,,1537,,,48.53897,-123.00117,6,,,,,,,,1886,2206,COCO,mcmahsta,2021-07-07 18:12:33+00:00
T7D1-2_20210701.png,2021-07-01,7,1-2,,1537,,,48.53897,-123.00117,6,,,,,,,,2059,2488,OBSC,whippo,2021-07-05 18:58:04+00:00
T7D1-2_20210701.png,2021-07-01,7,1-2,,1537,,,48.53897,-123.00117,6,,,,,,,,1950,2292,COCO,mcmahsta,2021-07-07 18:12:33+00:00
T7D2_20210701.png,2021-07-01,7,2,,1531,,,48.53927,-123.00085,14,,,,,,,,341,1072,NEFI,whippo,2021-07-06 05:26:26+00:00
T7D2_20210701.png,2021-07-01,7,2,,1531,,,48.53927,-123.00085,14,,,,,,,,551,1369,NEFI,whippo,2021-07-06 05:26:26+00:00
T7D2_20210701.png,2021-07-01,7,2,,1531,,,48.53927,-123.00085,14,,,,,,,,393,2100,NEFI,mcmahsta,2021-07-07 18:26:38+00:00
T7D2_20210701.png,2021-07-01,7,2,,1531,,,48.53927,-123.00085,14,,,,,,,,246,2513,NEFI,mcmahsta,2021-07-07 18:26:38+00:00
T7D2_20210701.png,2021-07-01,7,2,,1531,,,48.53927,-123.00085,14,,,,,,,,674,655,HASH,mcmahsta,2021-07-07 18:26:38+00:00
T7D2_20210701.png,2021-07-01,7,2,,1531,,,48.53927,-123.00085,14,,,,,,,,942,978,NEFI,whippo,2021-07-06 05:26:26+00:00
T7D2_20210701.png,2021-07-01,7,2,,1531,,,48.53927,-123.00085,14,,,,,,,,951,1244,NEFI,whippo,2021-07-06 05:26:26+00:00
T7D2_20210701.png,2021-07-01,7,2,,1531,,,48.53927,-123.00085,14,,,,,,,,642,1477,NEFI,whippo,2021-07-06 05:26:26+00:00
T7D2_20210701.png,2021-07-01,7,2,,1531,,,48.53927,-123.00085,14,,,,,,,,801,2114,NEFI,whippo,2021-07-06 05:26:26+00:00
T7D2_20210701.png,2021-07-01,7,2,,1531,,,48.53927,-123.00085,14,,,,,,,,1285,764,NEFI,whippo,2021-07-06 05:26:26+00:00
T7D2_20210701.png,2021-07-01,7,2,,1531,,,48.53927,-123.00085,14,,,,,,,,1252,1154,NEFI,whippo,2021-07-06 05:26:26+00:00
T7D2_20210701.png,2021-07-01,7,2,,1531,,,48.53927,-123.00085,14,,,,,,,,1105,1128,NEFI,whippo,2021-07-06 05:26:26+00:00
T7D2_20210701.png,2021-07-01,7,2,,1531,,,48.53927,-123.00085,14,,,,,,,,1006,978,NEFI,whippo,2021-07-06 05:26:26+00:00
T7D2_20210701.png,2021-07-01,7,2,,1531,,,48.53927,-123.00085,14,,,,,,,,1281,2532,OBSC,whippo,2021-07-05 22:14:18+00:00
T7D2_20210701.png,2021-07-01,7,2,,1531,,,48.53927,-123.00085,14,,,,,,,,1394,499,NEFI,whippo,2021-07-06 05:26:26+00:00
T7D2_20210701.png,2021-07-01,7,2,,1531,,,48.53927,-123.00085,14,,,,,,,,1455,1816,NEFI,whippo,2021-07-06 05:26:26+00:00
T7D2_20210701.png,2021-07-01,7,2,,1531,,,48.53927,-123.00085,14,,,,,,,,1496,2309,NEFI,mcmahsta,2021-07-07 18:26:38+00:00
T7D2_20210701.png,2021-07-01,7,2,,1531,,,48.53927,-123.00085,14,,,,,,,,1914,589,NEFI,mcmahsta,2021-07-07 18:26:38+00:00
T7D2_20210701.png,2021-07-01,7,2,,1531,,,48.53927,-123.00085,14,,,,,,,,1781,1316,NEFI,whippo,2021-07-06 05:26:26+00:00
T7D2_20210701.png,2021-07-01,7,2,,1531,,,48.53927,-123.00085,14,,,,,,,,1901,1274,NEFI,mcmahsta,2021-07-07 18:26:38+00:00
T7D2_20210701.png,2021-07-01,7,2,,1531,,,48.53927,-123.00085,14,,,,,,,,2038,1445,NEFI,whippo,2021-07-06 05:26:26+00:00
T7D2_20210701.png,2021-07-01,7,2,,1531,,,48.53927,-123.00085,14,,,,,,,,2031,1898,NEFI,mcmahsta,2021-07-07 18:26:38+00:00
T7D2_20210701.png,2021-07-01,7,2,,1531,,,48.53927,-123.00085,14,,,,,,,,1893,1833,NEFI,whippo,2021-07-06 05:26:26+00:00
T7D2_20210701.png,2021-07-01,7,2,,1531,,,48.53927,-123.00085,14,,,,,,,,1969,1954,NEFI,mcmahsta,2021-07-07 18:26:38+00:00
T7D2_20210701.png,2021-07-01,7,2,,1531,,,48.53927,-123.00085,14,,,,,,,,1723,2215,NEFI,mcmahsta,2021-07-07 18:26:38+00:00
